{
    "networkSetBlueprints": [
        {
            "name": "ESX.Management",
            "blueprint": {
                "name": {
                    "$ref": "#/refs/networksets/ESX.Management/uname"
                },

                "nativeNetworkUri": {
                    "$ref": "#/refs/networks/SBP.ESX.MGMT/urilist"
                },

                "networkUris": [
                    {
                        "$ref": "#/refs/networks/SBP.ESX.MGMT/urilist"
                    },

                    {
                        "$ref": "#/refs/networks/SBP.ESX.vMOTION/urilist"
                    },

                    {
                        "$ref": "#/refs/networks/SBP.NCS.MGMT/urilist"
                    }
                ],

                "type": "network-setV300"
            }
        },

        {
            "name": "ESX.Storage",
            "blueprint": {
                "name": {
                    "$ref": "#/refs/networksets/ESX.Storage/uname"
                },

                "networkUris": [
                    {
                        "$ref": "#/refs/networks/SBP.ESX.vSAN/urilist"
                    }
                ],

                "type": "network-setV300"
            }
        },

        {
            "name": "ESX.Data",
            "blueprint": {
                "name": {
                    "$ref": "#/refs/networksets/ESX.Data/uname"
                },

                "networkUris": [
                    {
                        "$ref": "#/refs/networks/SBP.ESX.GUEST.Tenant/urilist"
                    }
                ],

                "type": "network-setV300"
            }
        }
    ]
}
