{
   "profile_templates":[
      {
         "id":"RP-001",
         "name":"HPE-VMWARE01-SY480g9-1-HYBRID-VSAN",
         "description":"VMware cloud with Hybrid VSAN storage (low storage density)",
         "server_type":"SY 480 Gen9 1",
         "server_sub_type": "expanded",
         "host_disks":{
            "capacity_drive_type":"bigbird:SAS:HDD",
            "capacity_drive_count":4,
            "capacity_drive_size_gb":2000,
            "cache_drive_type":"local:SAS:SSD",
            "cache_drive_count":2,
            "cache_drive_size_gb":800
         }
      },
      {
         "id":"RP-002",
         "name":"HPE-VMWARE02-SY480g9-1-FLASH-VSAN",
         "description":"VMware cloud with Flash VSAN storage (low storage density)",
         "server_type":"SY 480 Gen9 1",
         "server_sub_type": "expanded",
         "host_disks":{
            "capacity_drive_type":"bigbird:SAS:SSD",
            "capacity_drive_count":4,
            "capacity_drive_size_gb":1600,
            "cache_drive_type":"local:SAS:SSD",
            "cache_drive_count":2,
            "cache_drive_size_gb":800
         }
      },
      {
         "id":"RP-003",
         "name":"HPE-VMWARE03-SY480g9-1-HYBRID-VSAN",
         "description":"VMware cloud with Hybrid VSAN storage (medium storage density)",
         "server_type":"SY 480 Gen9 1",
         "server_sub_type": "expanded",
         "host_disks":{
            "capacity_drive_type":"bigbird:SAS:HDD",
            "capacity_drive_count":10,
            "capacity_drive_size_gb":2000,
            "cache_drive_type":"local:SAS:SSD",
            "cache_drive_count":2,
            "cache_drive_size_gb":800
         }
      },
      {
         "id":"RP-004",
         "name":"HPE-VMWARE04-SY480g9-1-STD-FLASH-VSAN",
         "description":"VMware cloud with Flash VSAN storage (medium storage density)",
         "server_type":"SY 480 Gen9 1",
         "server_sub_type": "expanded",
         "host_disks":{
            "capacity_drive_type":"bigbird:SAS:SSD",
            "capacity_drive_count":10,
            "capacity_drive_size_gb":1600,
            "cache_drive_type":"local:SAS:SSD",
            "cache_drive_count":2,
            "cache_drive_size_gb":800
         }
      }
   ],
   "default_profile_template":"HPE-VMWARE01-SY480g9-1-HYBRID-VSAN"
}
